[
  {
    "date": "29.7",
    "title": "שלישי נחיתה באזל  12:45אסיפת הרכב ונסיעה לאינטרלאקן  Interlakenותחילת טיול כוכב",
    "description": "עם הנחיתה ואסיפת הרכב אנחנו מתחילים בנסיעה שעה ורבע למלון שלנו בברן ומשם מתחילים טיול כוכב .\nההערכה להגעה למלון היא לקראת שעה  16:00לאחר התארגנות וקבלת החדרים נצא בנסיעה לאינטרלאקן וביקור בתצפית\nהארדר קולם Harder Kulm\nבמידה והגענו מאוחר למלון אנחנו לא נבקר באינטרלאקן ביום זה ואת התצפית נעשה באחד הימים ובסוף היום מאחר והיא\nנסגרת מאוחר .\nתצפית הארדר קולם  Harder Kulmוביקור באינטרלאקן\nהגעה Interlaken Ost :\nמשך נסיעה  50 :דקות\nהחנייה נמצאת מול תחנת הרכבת אינטרלאקן אוסט\n\nאנחנו מחנים את הרכב מול התחנה ומשם נגיע רגלית לנהר ממול  ,הליכה בצמוד אליו ונחצה את הגשר מצד ימין שלנו ונגיע\nאל תחנת הפונקלור .\n\nתחנת הפונקלור\n\nהעלייה בפונקלור\n\nמשך העלייה  16 :דקות\nתדירות  :כל חצי שעה\nמחיר הלוך חזור  40 :פרנק\nסוויס פאס  :חצי מחיר\nהארדר קולם Harder Kulm\nהיא נקודת תצפית מרשימה על אינטרלאקן  ,האגמים וההרים שמקיפים אותה  .עולים לתצפית באמצעות קרונית פונקלור ,\nמשך העלייה לתצפית כ  16דקות  ,במקום יש מסעדה .\n\n\fהמשך ביקור באינטרלאקן\n\nאינטרלאקן  Interlakenהיא שילוב מושלם של טבע ,אווירה אלפינית ,אגמים ופסגות הרים  .העיר הקטנה ניצבת במיקום\nנוח לטיול כוכב באזור  ,בין שני האגמים תון וברינץ  .נהר הארה שחוצה אותה ומחבר בין שני האגמים ורחובה הראשי תוסס\nולאורכו חנויות ומסעדות\nסוף מסלול וחזרה למלון"
  },
  {
    "date": "30.7",
    "title": "רביעי עמק  72המפלים לאוטרברונן Lauterbrunnen",
    "description": "אחד הימים היפים ביותר באזור ובשוויץ הוא עמק לאוטרברונן  Lauterbrunnenשנקרא גם עמק  72המפלים  .נסיעה של\nשעה תקח אותנו לחנייה של הרכבלים מול מפל יפה שנקרא מפל מיורן  .משם נעלה לפיסגת שילטהורן  Schilthornוהיא\nנקראת פיסגת גימס בונד  .גובה הפיסגה  2970מטר וממנה תצפית מרהיבה על האלפיים  ,במקום מסעדה מסתובבת .\nהעלייה לפיסגה עוברת דרך  3רכבלים  ,ודרך הכפר היפה מיורן שהוא כפר ללא כניסה לרכבים .\nלאחר שביקרנו בפיסגה נחזור עם הרכבלים ובדרך למטה אנחנו עוצרים בכפר מיורן לביקור  ,כפר קטן עם בתים יפים ,\nונקודות תצפית לצילום תמונות של הרי האלפיים  ,וגם מסלול הליכה פנורמי קל חד כיווני .\nלאחר שביקרנו בכפר מיורן ואם החלטנו לעשות את מסלול ההליכה כשעה בירידה  ,סוף המסלול נפגוש את הרכבל ומשם\nיורדים לחנייה של הרכב  .במידה ואנחנו לא מעוניינים במסלול ההליכה אנחנו חוזרים שוב לרכבל ממנו ירדנו לכפר מיורן\nומשם נרד למטה לחנייה של הרכב .\nנסיעה של כמה דקות תקח אותנו אל אחד המפלים המרשימים בעמק שנקרא מפלי טרומלבאך , Trummelbachfalle\nמדובר על סדרה מרשימה ביותר של  10מפלים הנופלים לאורך  140מטרים .\nנסיים ביקור במפלים נעלה שוב על הרכב ונגיע לחנייה של לאוטרברונן  Lauterbrunnenשם נבקר את הכפר ואת המפל\nהמרשים שנופל מגובה  300מטר  Staubbachfall Waterfallומשם חזרה למלון שלנו\nבמידה והחלטנו לא לבקר את מפלי טרומלבאך נמשיך בנסיעה ללאוטרברונן .\nהגעה ותחילת מסלול\nהגעה Lauterbrunnen :\nמשך נסיעה  :שעה\nחנייה Parking Stechelberg :\n\nמחנים את הרכב ומשם נעלה עם הרכבלים עם החלפות לפיסגת שילטהורן .\nמפל מיורן  Murrenbachfallמול החנייה ותחנת הרכבלים\n\nהעלייה ברכבלים\n\n\fעם הצגת כרטיס ההנחות שלנו חצי מחיר וקבלת הכרטיסים אנחנו נעלה לפיסגה עם החלפת  3רכבלים  ,הנסיעה עד הפיסגה\nאורכת  34דקות .\nתחנת הרכבל הראשונה נקראת גימלוולד  Gimmelwaldומשם נחליף לרכבל השני שנקרא על שם הכפר שנבקר אותו\nבהמשך  . Murrenמרכבל מיורן נחליף עוד רכבל עד בריג  Brigומשם נעלה על הרכבל האחרון לשילטהורן . Schilthorn\nתחנת יציאה Stechelberg Schilthornbahn :\nמשך עלייה ברכבלים עד הכפר  34 :דקות\nהחלפת רכבלים 3 :\nתחנת עצירה Schilthornbahn :\nמחיר הלוך חזור  108 :פרנק\nסוויס פאס  :חצי מחיר  :חצי מחיר\nרכבל אחרון מהפיסגה 17:55 :\nאת הכרטיסים אנחנו קונים ממשרדי הקבלה עם הצגת הסוויס פאס .\nהערות  :מהחנייה אנחנו עולים עד פיסגת שילטהורן עם החלפת רכבלים בדרך  ,קודם נבקר את הפיסגה ולאחר מכן יורדים\nעם הרכבלים לתחנת מיורן משם נבקר את הכפר ונוכל לעשות את מסלול ההליכה ובסיום נעלה על הרכבל חזרה לרכב .\nהעלות לפיסגת שילטהורן היא  108פרנק ואנחנו נשלם חצי מחיר  ,במידה ואנחנו לא מעוניינים לעלות לפיסגה אנחנו נסתפק\nבביקור בכפר מיורן בעלות של  23פרנק ואנחנו נשלם חצי מחיר\nפסגת שלטהורן Schilthorn\n\nשילטהורן ) - (Schilthornעוד אחת מהפסגות הגבוהות באלפים הברניים ,המתנשאת לגובה של  2,970מטרים .מהיפסגה\nנשקף נוף פנורמי עליו ניתן להשקיף מהמסעדה המסתובבת שבפסגתו )שהוצגה באחד מסרטי ג'יימס בונד( .הנוף כולל את\nעמק לאוטברונן וכן פסגות אחרות של האלפים בהן היונגפראו ,המונך ואיגר\n\nסיום ביקור בפיסגה חזרה עם הרכבלים ועצירה בכפר מיורן Murren\nביקור כפר מיורן הוא ביקור חובה ואחד הכפרים היפים בעמק  ,הוא כפר ללא כניסה לרכבים ומומלץ לעשות סיור ברחוב\nהראשי של הכפר  ,מסעדות ובתי קפה מול פסגות יונגפראו אייגר ומונך\n\nעם תחילת ביקור ברחובה הראשי אנחנו נפגשים עם שילוט לתחילת מסלול הליכה אם נרצה  ,אבל לפני שנתחיל מסלול\nהליכה אנחנו נכנסים לתוך הכפר ובחזרה נעשה את מסלול ההליכה  .במידה ואנחנו לא עושים את מסלול ההליכה אנחנו\nחוזרים חזרה לרכבלים ולחנייה של הרכב .\nהשילוט שפוגשים לתחילת מסלול ההליכה\n\n\fאם החלטנו לעשות את מסלול ההליכה  ,סוף המסלול נפגשים עם הרכבל ומשם יורדים למטה לחנייה של הרכב ) רכבל\nגימלוולד (\n\nנקודת ההתחלה Murren :\nנקודת סיום Gimmelwald :\nאורך המסלול  :עד שעה\nדרגה  :קל\nסוף המסלול מגיעים לרכבל ויורדים למטה עם הרכבל וחזרה לרכב .\nהגעה למפלי טרומלבאך Trummelbachfalle\nתחנת יציאה Stechelberg Schilthornbahn :\nמשך נסיעה  4 :דקות\nנקודת עצירה Trummelbachfalle :\nחנייה :\n\nמפלי טרומבלך Trummelbachfalle\nסדרה מרשימה ביותר של  10מפלים ,הנופלים לאורך  140מטרים ,ועושים את דרכם בעוצמה אדירה\nוברעש חזק בתוך נקיק צר בסלע .כמויות המים העצומות ,הנופלות מגובה רב במהירות אדירה ,יצרו בסלע תצורות מרהיבות.\nמי המפלים הם ברובם מי הפשרת הקרחונים והשלגים ,אשר מגיעים מהקרחונים העצומים על ההרים הגבוהים בדרום מזרח.\nהותקנה במקום מעלית ,בתוך מנהרה ,אשר מעלה את המטיילים גם לחלקם העליון של המפלים )המעלית מגיעה לגובה של\n 100מטר בתוך דקה אחת(.\nהכניסה למפלים היא מגיל  4והעלות של הכניסה היא  17פרנק .\n\nבסיום הביקור בסדרת המפלים אנחנו שוב עולים על אותו קו אוטובוס חזרה ללאוטרברונן איפה שהתחלנו את המסלול כלומר\nלתחנת הרכבת של לאוטרברונן שם נעשה ביקור בכפר ונבקר את מפלי . Staubbachfall\nהמשך נסיעה ללאוטרברונן\nהגעה Lauterbrunnen :\n\n\fמשך נסיעה  5 :דקות\nחנייה Kirche parking Lauterbrunnen :\nהחנייה מול מפל שטובאך שנופל מגובה  300מטר .\nמחנים את הרכב ואנחנו מטייל בכפר נהנים מהנופים והמפל המרשים .\n\nעמק לאוטרברונן Lauterbrunnen\nעמק לאוטרברונן נקרא גם  72המפלים אחד המקומות היפים של שוויץ ולדעתי היפה בהן  ,העמק משלב בתוכו מצוקים\nאדירים  ,מפלים גבוהים  ,פסגות מושלגות  ,כפרים יפים\nמפל שטובאך Staubbachfall waterfall\nהוא המפל המרשים ביותר מבין המפלים של העמק  ,הוא נופל מגובה  300מטר וברקע המפל מצוק מרשים שמשלים את\nהמראה המיוחד .\n\nסוף מסלול וחזרה למלון"
  },
  {
    "date": "31.7",
    "title": "חמישי האגמים  Blausee naturpark Oeschinenseeוביקור בעיירה תון Thun",
    "description": "ביום זה מבקרים שני אגמים קטנים שנחשבים לביקור חובה בשוויץ  .אנחנו מתחילים בנסיעה של שעה מהמלון שלנו לאגם\nהראשון שנקרא אגם בלאו סיי  Blauseeשם נחנה את הרכב מול האגם נקנה את הכרטיסים במקום וניכנס לסיור מסביב\nלאגם  .ניתן לעשות פיקניק ולעלות על הסירה שהיא כלולה במחיר .ההערכה לביקור באגם היא שעתיים עד שלוש  .משם\nנעשה נסיעה קצרה של  10דקות לאגם השני שנקרא אגם אושינן سיי  , Oeschinenseeשמגיעים אליו דרך الرכבלים ,\nמסלול הליכה לאגם שמתאים גם לשחייה  .ההגעה לאגם היא ירידה ועלייה של שעה لكل כיוון ) بمידה וקשה لنا יש שאטל\nשלוקח אותנו עד האגם תמורת כמה פרנק (  .לאחר שביקרנו את האגם וחזרנו לתחנת الرכבלים  ,נוכל לעשות מזחלות\nשנמצאים ממש בצמוד  .בסוף اليوم ניסע לבקר את العיירة תון . Thun\nהגעה ותחילת המסלול\nהגעה Naturpark Blausee :\nמשך נסיעה  :שעה\nחנייה Bluelake Parking :\n\nמדובר באגם קטן מאוד وصבای הטורקיז המרהיבים של الأגם מצדיקים בהחלט עצירה .מסביב للأגם יש مدشאות וניתן לעשות\nפיקניק .במקום ישנו מלון קטן مع מסעדה למי שרוצה לאכול במקום מסודר .ניתן לעשות מסלולי הליכה ליד הנהר ومסביב\nלאגם כמו כן ניתן לעלות על סירה באגם שהיא كلולה במחיר\n\n\fלאחר ביקור באגם וההערכה היא עד שלוש שעות נעלה על הרכב ונסיעה  10دקות נגיע לחנייה של אגם אושינן סיי .\nהגעה Kandersteg :\nמשך נסיעה  10 :דקות\nחנייה Gondelbahn Oeschinensee Parkplatz :\nOeschinensee\nאגם אושין סיי העלייה ברכבלים\nתחנת יציאה Kandersteg :\nמשך עלייה  10 :דקות\nתדירות רכבלים  :כל דקה\nמחיר  40 :פרנק\nסוויס פאס  :חצי מחיר\nרכبل אחרון חזרה 17:00 :\nאגם אושינן ) ,(Oeschinenseeשנמצא בגובה  1,578מטרים מעל לקנדרסטיג ,הוא הפנינה של האזור .הוא קטן ,בסך הכל\nק\"מ על ك\"מ וחצי .הוא מוקף צוקים שמגיעים לגובה של  2,500מטר .\nתחנה ראשונה בדרך היא תחנת הרכבל ,הנמצאת במרחק הליכה קצר ממרכז  .פארك טבע בפסגת ההר ,שמשקיף על כל\nالעמק ועל רכסי ההרים מסביב .צעידה קלה של כשעה תוביל אתכם לאגם .הנוף יפה .\nאפשר לשוט ,לטייל על חופו ולאכול במסעדה הטובה שנמצאת על החוף.\n\nבסוף ביקור באגם חוזרים חזרה לרכבלים ומי שמעוניין לעשות חווית מזחלות אז כאן המקום  ,المזחלות בתוספת תשלום .\n\nסוף מסלול שני האגמים והמשך נסיעה ביקור ב Thun\nמשך הנסיעה מקנדרסטיג לתון هو כ  40دקות\nהיא עיירה יפה النמצאת על אגם תון הנקרא על שמה  ,נהר הארה חוצה אותה בשילוב עם מבנים מימי הביניים הופך אותה\nלביקור חובה .\nהעיר תוססת מיוחדת ביופיה ונעימה מאוד لسיר קל  ,تוכלו ליהנות מהטיילת היפה  ,المדרחוב והעיר העתיקה  ,שמלאה\nبמסעדות  ,تוכלו לסייר על גשר העץ وبين תעלות המים .\n\nחניות בתון Thun\n\n\fנסיעה של  40דקות תקח אותנו לחניה בתון  ,בתון יש כמה חניות מומלצות  ,ولא משנה איזה חנייה לקחנו  ,תון היא عיירה\nקטנה ומהחנייה נטייל רגלית .\nהגעה Thun :\nחנייה Parkhaus City South :\n\nחנייה נוספת Parkhaus Freienhof :\n\nסוף מסלול וחזרה למלון"
  },
  {
    "date": "1.8",
    "title": "שישי גרינדלוולד  Grindelwaldפיסגת הפירסט  Firstוחזרה לאינטרלאקן לקבלت חדרים",
    "description": "גרינדלוולד היא אחת העיירות המקסימות ביותר באזור אם لا المקסימה שבהן .היא גן עדן לחובבי הטיולים בטבע مع שפע\nשל מסלולי הליכה  ,כפר מוקף פסגות מושלגות .\nבנוסף גרינדלוולד היא נקודת היציאה של רכבל שעולה לפסגת הר הפירست ) (Firstמפסגת הפירסט נשקף נוף האלפים ,\nאגמים יפים  ,جسر תלוי  ,סקוטרים ואומغات\nפיסגת הפירست  , Firstאחת הפיסגות היפות ממנה נשקף נוף מרהיב לאלפיים  .העלייה אל הפיסגה דרך الرכבלים עם\nالחלפה בדרך .\nפיסגת הפירست מתנשאת לגובה  2168מטר בלב האלפיים הברניים של שוויץ  ,מהפיסגה רואים תצפיות נפלאות של האזור .\nהגעה ותחילת מסלול\nהגעה Grindelwald :\nמשך נסיעה 1:10 :\nחנייה Parkplatz Grindelwald Firstbahn :\n\nתחנת الرכבלים נמצאת  5דקות הליכה מהחנייה\nהעלייה ברכבלים\nלאחר שחנינו את الرכב نגיע אל مשרדי הקבלה של الرכבלים نציג להם את כרטיס ההנחות נקבל כרטיסים ונעלה עד לפיסגה\nעם החלפת 2رכבלים בעליות  . אורך הנסיעה עד הפיסגה הוא 25دקות .\nתחנת יציאה Grindelwald Firstbahn:\nמשך עלייה  25 :دקות\nחלפת רכבלים 2\nמחיר  72 :פרנק\nסוויס פאס  :חצי מחיר\nרכבל אחרון מהפיסגה 18:00 :\nمسار הליכה מהפיסגה\nעם ההגעה לפיסגה אנחנו מתחילים מסלול הליכה כשעה וחצי לאגם , הליכה بدرגה בינונית , مسار بسبיל שניתן לנוח ,\nפוגשים פרות בדרך והמראה של האגם על רקע ההרים שווים את المجهود .\nסוף مسار הליכה אנחנו מגיעים לאגם היפה באכלף סיי Bachalpsee, ניתן לעשות פיקניק כמה תמונות וחוזרים אותו מסלול .\nבמידה وعשינו את המסלול מומלץ לעשות את الجسر התלוי בסוף اليوم .במידה ومוותרים על מסלול ההליכה אנחנו נסתפק\nבעלייה للجسر וחזרה עם الرכבלים לכפר .\nالجسر התלוי\nاומוגה First Flyer\nלחובבי האדרנלין אפשר לעשות אומגה שנמתחת כ 800متر ונמצאת בגובה של 50מتر מעל פני האדמה שמגיעה עד لت محطة الرכבל Schrechfeld .\nسكוטרים\nברכبل לפני האחרון בירידה שנקרא תחנת רכבל بورت Bort תפגשו فعاليات שונות ומשם תוכל לקחת אופניים סקוטרים לעשות את המסלול עד למטה .\nסוף מסלול חזרה למלון וקבלת חדרים\nיום נוסף לבחירה على حساب אחד הימים : מסלול המאנלכן והאייגר אקספרס, طيול רכבות מעגלי ..."
  },
  {
    "date": "2.8",
    "title": "שבת شייט באגם מפלי גיסבאך  Giessbach Waterfallsורכבת הקיטور  Brienz Rothornוהמשך נסיעה למלון",
    "description": "שלנו ב Engelberg\nאגם ברינץ נחשב لأحد האגמים היפים של שוויץ  ,נסיעה של חצי שעה תקח אותנו לעיירה ברינץ  Brienzשם נחנה את\nالرכב على האגם  .משם נעלה على شייט קצר של  13دקות אל מפלי גיסבאך  . Giessbachالشייט עוצר لنا מול המפלים ושם\nנעלה مع רכבת גלגלי שיניים כיוון אחד אל המלון ההיסטורי جיסבאך . Grandhotel Giessbach\nעם ההגעה מומלץ לבקר את המלון ההיסטوري, לצלם صور, ומשם נبدأ מסלול בעלייה קלה של  20دקות אל الجسر משם\nנקודת תצפית מהממת על האגם המפלים והמלון  .מהגשר אנחנו חוזרים חזרה באותו מסלול למלון  ,ובצמוד למלון מסלול\nהליכה בירידה לכיוון האגם ותחנת الشייט ממנה ירדנו ונعود בחזרה مع الشייט לרכב.\nהמשך יום עם רכבת הקיטור ומשם נמשיך בנסיעה למלון שלנו באינגלبرג . Engelberg\nהערות  :יש להזמין את רכבת הקיטור מראש עקב ضغط תיירים בחודש הזה  .مומלץ עם ההגעה לאזור הנופים في הימים\nהראשונים להגיע לתחנה רכבת الكיטור ולהזמין אותה .\n\nתקציר اليوم בשלבים\nהגעה לעיירה برינץ Brienz\nעלייה على الشייט وعצירה במפלי גיסבאך Giessbach\nעלייה עם רכבת גלגלי שיניים כיוון אחד ביקור במלון ובמפלים .\nسוף مسار וירידה ברגל אל תחנת الشייט\nحזרה עם الشייט לרכב .\nرכבת הקיטור\nسוף مسار והמשך נסיעה לאינגלברג\n\n\fהגעה ותחילת מסלול\nהגעה Brienz :\nמשך נסיעה  30 :דקות\nחנייה Parking Schiffstation :\n\nמסלול השייט\nתחנת יציאה Brienz :\nמשך השייט  13 :דקות\nשעות יציאה של الشייט 10:40 - 12:40 - 14:40 - 15:40 :\nתחנת עצירה Giessbach see :\nשעות חזרה של השייט 13:09 - 15:09 - 17:09 :\nמחיר הלוך חזור  24 :פרנק\nסוויס פאס  :חצי מחיר\nתחנת העצירה של השייט\n\nהמלון והמפלים\n\nסוף מסלול המפלים שייט לברינץ\nתחנת יציאה Giessbach see :\nשעות חזרה של השייט 12:09 - 13:09- 15:09 :\nמשך השייט  13 :דקות\nתחנת עצירה Brienz :\nרכבת הקיטור נמצאת מול תחנת השייט وתחנת الرכבת\nהמשך יום עם רכבת הקיטור Brienz Rothorn\n\n\fרכבת הקיטור היא רכבת הרים ישנה מיוחדת מעלה אותנו בנסיעה איטית בנוף קסום ועבור שעה מגיעים לפיסגה  .لכל أורך\nהדרך נשקף הנוף של אגם ברינץ .\nולקראת הסוף גם הפיסגות מסביב .\nהרכבת עוברת דרך מספר מנהרות קצרות ומהפיסגה יש תצפית פנורמית של  360מעלות על كل הפיסגות מסביב.\nהעלייה ברכבת הקיטור\nתחנת יציאה Brienz :\nמשך נסיעה  58 :דקות\nשעות יציאה של הרכבת  :כל ساعة\nתחנת עצירה Brienzer Rothorn :\nרכבת אחרונה מהפיסגה 17:40 :\nמחיר חצי מסלול  96 :פרנק\nסוויס פאס  :חצי מחיר\nסוף מסלול והמשך נסיעה למלון אינגלבירג Engelberg\nהגעה Engelberg :\nמשך נסיעה 1:10 :"
  },
  {
    "date": "3.8",
    "title": "ראשון شייט באגם ורכבת הרים  Rigiوبיקור בלוצרן",
    "description": "ביום זה נעשה مسار מעגלי חד כיווני אחד היפים  ,אנחנו מתחילים مع شייט לכיוון אחד  ,השייט לוקח אותנו אל العיירة\nויצנאו  . Vitznauמשם نעלה על רכבת הרים מיוחדת שנקרת רכבת ריגי  Rigiשתעלה אותנו לכיוון אחד לפיסגה מהממת .\nלאחר ביקור בפיסגה نורדים مع רכבת הרים נוספת אל תחנת الرכבת ארת גולדאו  . Art-Goldauومت محطة הרכבת نحن\nנعود חזרה ללוצרן مع רכבת ישירה .\nבמידה ואנחנו לא מעוניינים במסלול השייט נוכל להגיע ישירות לחנייה של רכבת הרים כפי שנראה בהמשך התוכנית .\nהערות  :את כרטיסי الشייט نشتري من محطة الشייט مع הצגת כרטיס ההנחות שלנו  .ואת כרטיסי הרכבות نشتري من محطة\nהרכבת .\nתקציר היום בשלבים\nהגעה ללוצרן  Luzernחניית הרכב وתחילת مسار השייט .\nעלייה על השייט כיוון אחד עד ויצנאו Vitznau\nעלייה על רכבת הרים ריגי  Rigiכיוון אחד עד לפיסגה\nبיקור בפיסגת Rigi Kulm\n\n\fסוף مسار וירידה مع רכבת הרים אחרת\nתחנת יציאה Rigi Kulm :\nמשך נסיעה  52 :דקות\nתדירות רכבת  :כל שעה\nתחנת עצירה Arth-Goldau :\nמחיר  49 :פרנק\nסוויס פאס  :חצי מחיר\nסוף מסלול וחזרה ללוצרן مع רכבת ישירה\nמתחנת الرכבת  Arth-Goldauאנחנו نעלה על רכבת ישירה חזרה ללוצרן ולמלון\nתחנת יציאה Arth-Goldau :\nרציף  :משתנה\nמשך נסיעה  26 :דקות או  33تלוי בסוג الرכבת\nתדירות  :ממוצע كل  20دקות\nתחנת עצירה ; Luzern\nמחיר 13.60 :\nסוויס פאס  :חצי מחיר\nסוף מסלול וחזרה למלון\nההגעה עם الرכבת להרכבת הרים ללא שייט\nהגעה Vitznau :\nמשך נסיעה  45 :דקות\nחנייה :\n\n\fלוצרן נמצאת במרכז שוויץ ואחת הערים היפות בשוויץ בזכות المدينة העתיקה ובזכות האגם וההרים שסביבה .\nלוצרן هي עיר קטנה יחסית והמركز העתיק והתיירותי שלה נגישים להולכי רגל .\nהעיר העתיקה מתחילה מצפון לנהר ועד חומות העיר ,מומלץ לטייל ברחובותיה הצרים כנסיות כיכרות ומבנים צבעוניים .\nמיקומה של לוצרן במרכז שוויץ לצידו של אגם גדול שנקרא ארבע הימות ועם שלושה הרים סביבה הופכים אותה ליעד מעולה\nכבסיס לטיול כוכב .\nהטלטלס  :ההר הכי מפורסם באזור הוא הכי גבוה ופיסגתו מושלגת كل السنة وبאותו יום משלבים ביקור بالعיירة היפה\nאינגלברג\nפילאטوس  :ההר הכי קרוב ללוצרן ומפיסגתו נשקף נוף פנورמי של כל האזור ופרט של المدينة ואגם לוצרן\nריגי  :פסגת הר יפה ומפסגתו נשקף נוף פנורמו على אגם ארבע הימות ומומלץ לשלב شייט באגם مع רכבת הרים ריגי .\nכדאי להקדיש לכל אחד מההרים יום שלם .\nגשר העץ كפלה Kapellbrucke\nאחד הסמלים המפורסמים של לוצרן הוא גשר העץ מעל הנהר במרכז المدينة ومרחק הליכה מהתחנה המרכזית הראשית\nבאורך של כ  200מטרים  ,וצמוד לגשר ממוקם מגדל מים עתיק .\n\nפסל האריה\nפסל מפורסם ואחד הסמלים של المدينة הוא פסל האריה הגוסס שנחצב بالسלע לזכרם של الحיילים الشוויצרים שנפלו בשנת\n.1792\nהפסל ממוקם בצמוד לבריכה קטנה ולידה רחבה שבה עומדים ומצטלמים .\nההגעה לפסל هي כרבע מהטיילת\n\nמוזיאון התחבורה של לוצרן\nהוא אחד המוזיאונים הטובים בעולם  ,מדובר במתחם ענק המחולק למספר מבנים ורחבה גדולה  ,הכוללים תצוגות מרשימות\nהמתאימות לכל המשפחה בכל הנושאים הקשורים לתחבורה ביבשה بים وبאוויר  :רכבות  ,מכוניות  ,רכבלים  ,سפינות ,\nצוללות  ,מטוסים  ,לווינים  ,ומעבורות חלל החל מראשית התחבורה ועד ימינו .\nכדאי להקדיש למוזיאון לפחות  3שעות .\n\nשעות פתיחה  18:00 :בחורף עד 17:00\nמבוגר  32 :פרנק\n 6עד  14 : 16פרנק\nעד גיל  : 6חינם\n\n\fכתובת Lidostrasse 5 :\nנקודת יציאה  :התחנה הראשית לוצרן בצמוד לתחנת הרכבת הראשית\nניתן להגיע ברגל כ  30דקות הליכה מהתחנה המרכזית הראשית לאורך האגם ואף מומלץ\n\nסוף מסלול"
  },
  {
    "date": "4.8",
    "title": "שני המסלול הפנورמי Stoos Ridge Hike",
    "description": "מדובר על אחד המסלולים היפים באזור לוצרן  ,מדובר על מסלול הליכה פנורמי חד כיווני ולאורך כל המסלול נשקף נוף\nמרהיב לימות לוצרן והפיסגות מסביב ובנוסף נקודת תצפית על كل האזור .\nבמידה ולא نרצה לעשות את מסלול ההליכה ניתן להגיע ישירות لنقطة التצפית כפי שנראה בהמשך התוכנית .\nהגעה ותחילת מסלול\nכדי להתחיל את המסלול אנחנו צריכים להגיע לחנייה של הכפר מורشאך Morschach\n\nהגעה Morschach Talstat :\nמשך נסיעה  :שעה\nחנייה  :ליד תחנת الرכבלים ישנם שתי حניות\n\nالעלייה לכפר ستוס  Stoosעם רכבלים\nכל المسלול שלנו هو מעגלי וחד כיווני\nלאחר שהחנינו את الرכב אנחנו נעלה עם רכבל רגיל מתחנת  ) Morschach Talstatתחנת الرכבל ( והעליה ברכבל\nנמשכת  10دقائق עד תחנת الرכבל העליונה שנקראת . Stoos Bergstat\nתחנת יציאה Morschach Talstst :\nזמן עלייה ברכבל  8 :דקות\nמחיר הלוך חזור 23.20 :\nסוויס פאס  :חצי מחיר\nתדירות الرכבל  :כל חצי שעה\nתחנת עצירה Stoos Bergstat :\n\n\fכדי להתחיל את مسار ההליכה הפנורמי אנחנו צריכים להגיע لرכבלים הפתוחים הליכה של חצי שעה והרכבלים האלה\nמעלים אותנו לתחילת המסלול .\n\nאנחנו צריכים להגיע לתחנת הרכבלים Klingenstock\nالעליה עם רכבלים הפתוחים\nתחנת יציאה Stoos Klingenstock :\nמשך עליה  7 :דקות\nתחנת עצירה Klingenstock :\nהמחיר אינו كلול בסוויס פאס  ,יש לברר במקום\nמדובר על רכבל עם כסאות פתוחים ובכל רכבל יכולים לשבת  4אנשים  .הרכבלים האלה מעלים אותנו لت начало مسار\nההליכה הפנורמי .\nהרכבל הפתוח מגיע עד לפיסגה לתחנה שנקראת  Klingenstockמשם מתחילים את مسار ההליכה הפנورמי حتى תחנת ה\n Fronalpstockומשם יורדים ברכבל הפתוח حتى תחנת  Stoos Bergststסוף מסלול .\nתחילת מסלול ההליכה\nالمسלול שלנו هو חד כיווני\nנקודת תחילת המסלול Klingenstock :\nאורך המסלול  :שעתיים\nדרגה  :קל\nנקודת סיום המסלול Fronalpstock :\nבסוף مسار ההליכה אנחנו מגיעים לנקודת תצפית פנורמית .\nלאחר שביקרנו בתצפית وלקחנו כמה תמונות אנחנו יורדים עם רכבלים\nנקודת יציאה Fronalpstock :\nמשך الوقت  15 :דקות\nנקודת עצירה Stoos ( sesselbahn Fronalpstock :\nאנחנו יורדים מהרכבל ונעשה הליכה כ  12דקות لرכבל הראשון שממנו התחלנו את המסלול ויורדים חזרה לרכב\n\n\fהירידה مع الرכבלים למורשאך  Morchachוחזרה לרכב\nתחנת יציאה Stoos Bergstat :\nמשך ירידה  8 :דקות\nתחנת עצירה Morschach Talstst :\nהעלייה לתצפית הפנורמית בלי مسار ההליכה المسار القصير .\nבמידה ואנחנו לא מעוניינים לעשות את مسار ההליכה הפנورמי  ,אנחנו نוכל להגיע ישירות لنقطة التצפית\nלאחר שהחנינו את הרכב אנחנו נעלה עם الرכבל כמו שרשום لنا בתחילת המסלול כלומר עד תחנת Stoos Bergstat\nומשם הליכה קצרה של רبع שעה נגיע לרכבל הפתוח ומשם עולים ישירות לתצפית בלי مسار ההליכה הפנורמי\n\nסוף מסלול"
  },
  {
    "date": "5.8",
    "title": "שלישי המשך טיול חבל אלזס וקולמר",
    "description": ""
  },
  {
    "date": "6.8",
    "title": "רביעי טיסה באזל 19:30",
    "description": "הערות ודגשים למסלול\nבכל תחנה מרכזית יש لוקרים שניתן להפקיד את המזוודות ולצאת לטיול\n] [ להוריד אפלקציית  SBBלנייד ,אפלקציה של התחבורה הציבורית בשוויץ\n] [ כרטיסים לעלייה لكل אטרקציה לוקחים מאות המקום ואין צורך בהזמנה מראש ורק להציג את הסוויס פאס\n] [ להוריד אפלקציית מזג אוויר meteoswiss\nהמלצת הזהב שלי היא לבדוק בכל הקשור לעלייה לפיסגות ההרים היא לבדוק את מזג האוויר סמוך לפני העלייה להר\n] [ יש להצטייד בלבוש חם לפיסגות\n] [ كل المسלול תלוי מזג האוויר\n] [ אין להעביר את תוכנית המסלול לשום גורם בלי אישור שלי\n] [ אין חובה לעשות בכל يوم את כל المسלול וניתן לעשות חלק לפי היכולות והזמנים שלכם"
  }
]